<?xml version="1.0" encoding="UTF-8"?>
<project-private xmlns="http://www.netbeans.org/ns/project-private/1">
    <editor-bookmarks xmlns="http://www.netbeans.org/ns/editor-bookmarks/2" lastBookmarkId="2">
        <file>
            <url>src/zoznam/Papanie.java</url>
            <bookmark id="2">
                <name/>
                <line>64</line>
                <key/>
            </bookmark>
        </file>
    </editor-bookmarks>
    <open-files xmlns="http://www.netbeans.org/ns/projectui-open-files/2">
        <group>
            <file>file:/C:/Users/Admin/Desktop/Semestralka/src/fri/zavrsanova/semestralka/grafika/Platno.java</file>
            <file>file:/C:/Users/Admin/Desktop/Semestralka/src/fri/zavrsanova/semestralka/grafika/Lopta.java</file>
            <file>file:/C:/Users/Admin/Desktop/Semestralka/src/fri/zavrsanova/semestralka/aplikacia/Riadic.java</file>
            <file>file:/C:/Users/Admin/Desktop/Semestralka/src/fri/zavrsanova/semestralka/grafika/Duch.java</file>
            <file>file:/C:/Users/Admin/Desktop/Semestralka/src/fri/zavrsanova/semestralka/grafika/Kruh.java</file>
        </group>
    </open-files>
</project-private>
